Номер заказа;Регион;Дата заказа;Канал;Менеджер;Сумма
ЗК-002636;Екатеринбург;01.03.2026;Офис;Соколов И.;79 532,29
ЗК-002105;Москва;01.03.2026;Партнёр;Смирнова Е.;57 802,97
ЗК-002045;Москва;01.03.2026;Сайт;Иванова А.;51 011,80
ЗК-002661;Новосибирск;01.03.2026;Офис;Морозов К.;79 539,72
ЗК-002074;Москва;01.03.2026;Офис;Смирнова Е.;68 630,93
ЗК-002353;Санкт-Петербург;01.03.2026;Сайт;Попова М.;23 836,19
ЗК-002353;Санкт-Петербург;01.03.2026;Сайт;Попова М.;23 836,19
ЗК-002180;Москва;01.03.2026;Партнёр;Иванова А.;(14 133,24)
ЗК-002714;Новосибирск;01.03.2026;Офис;Морозов К.;50 605,32
ЗК-002628;Екатеринбург;01.03.2026;Партнёр;Лебедева О.;29 239,62
ЗК-002464;Казань;01.03.2026;Партнёр;Галиев Р.;47 477,65
ЗК-002249;Москва;01.03.2026;Партнёр;Иванова А.;54 995,86
ЗК-002311;Санкт-Петербург;01.03.2026;Сайт;Кузнецов Д.;29 289,11
ЗК-002077;Москва;01.03.2026;Офис;Петров С.;97 033,79
ЗК-002573;Екатеринбург;01.03.2026;Офис;Соколов И.;21 845,82
ЗК-002538;Казань;01.03.2026;Сайт;Галиев Р.;49 816,65
ЗК-002269;Санкт-Петербург;01.03.2026;Сайт;Кузнецов Д.;76 210,07
ЗК-002357;Санкт-Петербург;01.03.2026;Офис;Попова М.;23 415,21
ЗК-002451;Казань;01.03.2026;Сайт;Галиев Р.;63 024,95
ЗК-002253;Москва;01.03.2026;Сайт;Петров С.;54 255,34
ЗК-002150;Москва;02.03.2026;Сайт;Петров С.;53 036,45
ЗК-002283;Санкт-Петербург;02.03.2026;Сайт;Попова М.;49 042,71
ЗК-002595;Екатеринбург;02.03.2026;Сайт;Соколов И.;57 139,33
ЗК-002718;Новосибирск;02.03.2026;Партнёр;Морозов К.;31 792,54
ЗК-002103;Москва;02.03.2026;Сайт;Петров С.;22 882,50
ЗК-002516;Казань;02.03.2026;Сайт;Галиев Р.;23 758,92
ЗК-002564;Екатеринбург;02.03.2026;Партнёр;Лебедева О.;13 673,07
ЗК-002138;Москва;02.03.2026;Партнёр;Иванова А.;27 404,75
ЗК-002085;Москва;02.03.2026;Партнёр;Петров С.;18 911,89
ЗК-002218;Москва;02.03.2026;Сайт;Смирнова Е.;25 340,39
ЗК-002423;Санкт-Петербург;02.03.2026;Сайт;Попова М.;30 204,03
ЗК-002523;Казань;02.03.2026;Сайт;Галиев Р.;26 642,42
ЗК-002488;Казань;02.03.2026;Партнёр;Галиев Р.;21 965,17
ЗК-002736;Новосибирск;02.03.2026;Сайт;Морозов К.;25 746,96
ЗК-002570;Екатеринбург;02.03.2026;Офис;Соколов И.;51 181,09
ЗК-002296;Санкт-Петербург;02.03.2026;Партнёр;Попова М.;15 666,31
ЗК-002296;Санкт-Петербург;02.03.2026;Партнёр;Попова М.;15 666,31
ЗК-002341;Санкт-Петербург;02.03.2026;Сайт;Кузнецов Д.;30 262,67
ЗК-002149;Москва;02.03.2026;Сайт;Петров С.;61 564,72
ЗК-002468;Казань;02.03.2026;Партнёр;Галиев Р.;28 165,38
ЗК-002604;Екатеринбург;02.03.2026;Сайт;Соколов И.;25 991,57
ЗК-002475;Казань;02.03.2026;Офис;Галиев Р.;19 065,28
ЗК-002576;Екатеринбург;02.03.2026;Сайт;Соколов И.;115 730,51
ЗК-002229;Москва;02.03.2026;Сайт;Петров С.;41 618,03
ЗК-002336;Санкт-Петербург;02.03.2026;Офис;Кузнецов Д.;38 806,36
ЗК-002565;Екатеринбург;02.03.2026;Сайт;Соколов И.;17 027,53
ЗК-002697;Новосибирск;02.03.2026;Сайт;Морозов К.;21 514,59
ЗК-002670;Новосибирск;02.03.2026;Партнёр;Морозов К.;85 909,63
ЗК-002734;Новосибирск;02.03.2026;Офис;Морозов К.;30 020,45
ЗК-002737;Новосибирск;02.03.2026;Сайт;Морозов К.;(22 885,19)
ЗК-002465;Казань;02.03.2026;Сайт;Галиев Р.;57 842,01
ЗК-002624;Екатеринбург;02.03.2026;Сайт;Лебедева О.;33 162,94
ЗК-002112;Москва;02.03.2026;Офис;Иванова А.;108 749,73
ЗК-002079;Москва;02.03.2026;Партнёр;Иванова А.;52 976,08
ЗК-002330;Санкт-Петербург;03.03.2026;Офис;Кузнецов Д.;(17 509,19)
ЗК-002297;Санкт-Петербург;03.03.2026;Офис;Кузнецов Д.;92 958,86
ЗК-002585;Екатеринбург;03.03.2026;Партнёр;Соколов И.;62 546,63
ЗК-002622;Екатеринбург;03.03.2026;Партнёр;Соколов И.;38 990,26
ЗК-002008;Москва;03.03.2026;Офис;Иванова А.;74 536,99
ЗК-002063;Москва;03.03.2026;Партнёр;Петров С.;26 415,13
ЗК-002132;Москва;03.03.2026;Сайт;Смирнова Е.;25 942,49
ЗК-002601;Екатеринбург;03.03.2026;Сайт;Соколов И.;36 543,59
ЗК-002440;Санкт-Петербург;03.03.2026;Офис;Попова М.;46 810,89
ЗК-002669;Новосибирск;03.03.2026;Партнёр;Морозов К.;25 975,58
ЗК-002552;Екатеринбург;03.03.2026;Офис;Соколов И.;27 285,48
ЗК-002114;Москва;03.03.2026;Партнёр;Смирнова Е.;40 067,12
ЗК-002051;Москва;03.03.2026;Офис;Иванова А.;35 869,46
ЗК-002517;Казань;03.03.2026;Сайт;Галиев Р.;60 675,54
ЗК-002643;Екатеринбург;03.03.2026;Сайт;Лебедева О.;16 880,47
ЗК-002681;Новосибирск;03.03.2026;Сайт;Морозов К.;29 261,06
ЗК-002681;Новосибирск;03.03.2026;Сайт;Морозов К.;29 261,06
ЗК-002250;Москва;03.03.2026;Офис;Иванова А.;(13 769,40)
ЗК-002016;Москва;03.03.2026;Сайт;Смирнова Е.;17 716,52
ЗК-002616;Екатеринбург;03.03.2026;Офис;Лебедева О.;41 830,31
ЗК-002432;Санкт-Петербург;03.03.2026;Офис;Кузнецов Д.;13 380,69
ЗК-002701;Новосибирск;03.03.2026;Офис;Морозов К.;125 299,53
ЗК-002058;Москва;03.03.2026;Сайт;Смирнова Е.;21 464,38
ЗК-002335;Санкт-Петербург;03.03.2026;Сайт;Кузнецов Д.;29 393,72
ЗК-002678;Новосибирск;04.03.2026;Партнёр;Морозов К.;12 048,58
ЗК-002236;Москва;04.03.2026;Партнёр;Петров С.;44 038,10
ЗК-002056;Москва;04.03.2026;Партнёр;Иванова А.;17 349,92
ЗК-002502;Казань;04.03.2026;Партнёр;Галиев Р.;19 701,46
ЗК-002509;Казань;04.03.2026;Партнёр;Галиев Р.;25 274,08
ЗК-002157;Москва;04.03.2026;Сайт;Смирнова Е.;18 360,44
ЗК-002299;Санкт-Петербург;04.03.2026;Сайт;Попова М.;41 955,73
ЗК-002151;Москва;04.03.2026;Сайт;Смирнова Е.;40 048,42
ЗК-002087;Москва;04.03.2026;Сайт;Смирнова Е.;32 560,13
ЗК-002176;Москва;04.03.2026;Партнёр;Смирнова Е.;52 410,20
ЗК-002204;Москва;04.03.2026;Партнёр;Смирнова Е.;(9 995,42)
ЗК-002072;Москва;04.03.2026;Сайт;Иванова А.;37 365,16
ЗК-002619;Екатеринбург;04.03.2026;Сайт;Соколов И.;47 274,56
ЗК-002075;Москва;04.03.2026;Партнёр;Петров С.;16 613,01
ЗК-002393;Санкт-Петербург;04.03.2026;Партнёр;Кузнецов Д.;36 710,36
ЗК-002495;Казань;04.03.2026;Офис;Галиев Р.;27 131,74
ЗК-002698;Новосибирск;04.03.2026;Партнёр;Морозов К.;35 806,93
ЗК-002637;Екатеринбург;04.03.2026;Сайт;Лебедева О.;35 147,19
ЗК-002533;Казань;04.03.2026;Офис;Галиев Р.;77 195,28
ЗК-002425;Санкт-Петербург;04.03.2026;Сайт;Попова М.;82 106,15
ЗК-002568;Екатеринбург;04.03.2026;Офис;Соколов И.;42 360,75
ЗК-002568;Екатеринбург;04.03.2026;Офис;Соколов И.;42 360,75
ЗК-002261;Москва;04.03.2026;Сайт;Смирнова Е.;15 747,64
ЗК-002135;Москва;04.03.2026;Партнёр;Иванова А.;83 234,57
ЗК-002026;Москва;04.03.2026;Партнёр;Петров С.;27 872,67
ЗК-002367;Санкт-Петербург;04.03.2026;Сайт;Кузнецов Д.;17 333,26
ЗК-002401;Санкт-Петербург;04.03.2026;Партнёр;Кузнецов Д.;20 297,10
ЗК-002588;Екатеринбург;04.03.2026;Сайт;Соколов И.;76 908,46
ЗК-002012;Москва;05.03.2026;Партнёр;Иванова А.;45 418,44
ЗК-002290;Санкт-Петербург;05.03.2026;Партнёр;Кузнецов Д.;8 946,92
ЗК-002651;Новосибирск;05.03.2026;Партнёр;Морозов К.;25 991,14
ЗК-002651;Новосибирск;05.03.2026;Партнёр;Морозов К.;25 991,14
ЗК-002275;Санкт-Петербург;05.03.2026;Офис;Кузнецов Д.;52 744,30
ЗК-002360;Санкт-Петербург;05.03.2026;Сайт;Кузнецов Д.;53 285,53
ЗК-002528;Казань;05.03.2026;Партнёр;Галиев Р.;18 891,71
ЗК-002528;Казань;05.03.2026;Партнёр;Галиев Р.;18 891,71
ЗК-002322;Санкт-Петербург;05.03.2026;Сайт;Кузнецов Д.;19 059,05
ЗК-002190;Москва;05.03.2026;Сайт;Иванова А.;72 635,45
ЗК-002252;Москва;05.03.2026;Партнёр;Иванова А.;42 200,02
ЗК-002164;Москва;05.03.2026;Сайт;Смирнова Е.;77 036,26
ЗК-002448;Казань;05.03.2026;Офис;Галиев Р.;117 774,88
ЗК-002623;Екатеринбург;05.03.2026;Офис;Лебедева О.;21 678,67
ЗК-002455;Казань;05.03.2026;Сайт;Галиев Р.;8 453,54
ЗК-002064;Москва;05.03.2026;Сайт;Иванова А.;71 596,39
ЗК-002402;Санкт-Петербург;05.03.2026;Офис;Кузнецов Д.;64 707,19
ЗК-002514;Казань;05.03.2026;Сайт;Галиев Р.;49 494,20
ЗК-002706;Новосибирск;05.03.2026;Офис;Морозов К.;37 435,12
ЗК-002170;Москва;05.03.2026;Офис;Смирнова Е.;21 043,67
ЗК-002019;Москва;05.03.2026;Офис;Смирнова Е.;19 943,20
ЗК-002208;Москва;05.03.2026;Сайт;Смирнова Е.;61 835,03
ЗК-002191;Москва;05.03.2026;Сайт;Смирнова Е.;32 940,85
ЗК-002396;Санкт-Петербург;05.03.2026;Партнёр;Попова М.;43 351,67
ЗК-002406;Санкт-Петербург;05.03.2026;Сайт;Попова М.;19 126,86
ЗК-002416;Санкт-Петербург;05.03.2026;Партнёр;Попова М.;20 271,10
ЗК-002331;Санкт-Петербург;05.03.2026;Партнёр;Попова М.;27 399,21
ЗК-002497;Казань;05.03.2026;Сайт;Галиев Р.;62 221,40
ЗК-002062;Москва;05.03.2026;Сайт;Иванова А.;81 722,05
ЗК-002318;Санкт-Петербург;05.03.2026;Сайт;Попова М.;72 647,82
ЗК-002606;Екатеринбург;05.03.2026;Партнёр;Лебедева О.;73 604,77
ЗК-002129;Москва;06.03.2026;Сайт;Петров С.;(24 579,18)
ЗК-002293;Санкт-Петербург;06.03.2026;Офис;Кузнецов Д.;115 569,18
ЗК-002305;Санкт-Петербург;06.03.2026;Сайт;Попова М.;36 776,36
ЗК-002472;Казань;06.03.2026;Партнёр;Галиев Р.;63 641,63
ЗК-002057;Москва;06.03.2026;Сайт;Иванова А.;16 585,34
ЗК-002221;Москва;06.03.2026;Партнёр;Петров С.;48 559,06
ЗК-002021;Москва;06.03.2026;Сайт;Иванова А.;43 655,84
ЗК-002397;Санкт-Петербург;06.03.2026;Офис;Кузнецов Д.;47 047,82
ЗК-002327;Санкт-Петербург;06.03.2026;Сайт;Кузнецов Д.;37 395,91
ЗК-002583;Екатеринбург;06.03.2026;Сайт;Соколов И.;19 867,18
ЗК-002438;Санкт-Петербург;06.03.2026;Сайт;Кузнецов Д.;42 466,85
ЗК-002527;Казань;06.03.2026;Партнёр;Галиев Р.;21 786,46
ЗК-002159;Москва;06.03.2026;Офис;Петров С.;37 958,19
ЗК-002203;Москва;06.03.2026;Офис;Иванова А.;34 777,44
ЗК-002412;Санкт-Петербург;06.03.2026;Сайт;Попова М.;23 738,73
ЗК-002378;Санкт-Петербург;06.03.2026;Партнёр;Попова М.;34 219,03
ЗК-002303;Санкт-Петербург;06.03.2026;Сайт;Кузнецов Д.;25 658,96
ЗК-002364;Санкт-Петербург;06.03.2026;Партнёр;Попова М.;26 555,97
ЗК-002120;Москва;06.03.2026;Офис;Смирнова Е.;27 232,84
ЗК-002518;Казань;06.03.2026;Сайт;Галиев Р.;42 007,75
ЗК-002281;Санкт-Петербург;06.03.2026;Партнёр;Попова М.;100 767,31
ЗК-002001;Москва;06.03.2026;Офис;Смирнова Е.;51 545,10
ЗК-002656;Новосибирск;07.03.2026;Партнёр;Морозов К.;27 557,58
ЗК-002198;Москва;07.03.2026;Партнёр;Иванова А.;22 393,33
ЗК-002467;Казань;07.03.2026;Сайт;Галиев Р.;105 342,94
ЗК-002615;Екатеринбург;07.03.2026;Партнёр;Лебедева О.;23 936,61
ЗК-002122;Москва;07.03.2026;Партнёр;Смирнова Е.;208 877,20
ЗК-002348;Санкт-Петербург;07.03.2026;Сайт;Кузнецов Д.;65 022,90
ЗК-002088;Москва;07.03.2026;Офис;Смирнова Е.;105 893,99
ЗК-002435;Санкт-Петербург;07.03.2026;Офис;Кузнецов Д.;16 930,71
ЗК-002136;Москва;07.03.2026;Офис;Смирнова Е.;28 145,62
ЗК-002699;Новосибирск;07.03.2026;Партнёр;Морозов К.;50 451,36
ЗК-002245;Москва;07.03.2026;Партнёр;Петров С.;23 961,75
ЗК-002580;Екатеринбург;07.03.2026;Сайт;Лебедева О.;259 140,91
ЗК-002270;Санкт-Петербург;07.03.2026;Сайт;Кузнецов Д.;19 989,09
ЗК-002555;Екатеринбург;07.03.2026;Сайт;Соколов И.;32 921,86
ЗК-002653;Новосибирск;07.03.2026;Партнёр;Морозов К.;36 106,21
ЗК-002121;Москва;07.03.2026;Партнёр;Иванова А.;64 930,84
ЗК-002501;Казань;07.03.2026;Офис;Галиев Р.;30 327,24
ЗК-002662;Новосибирск;07.03.2026;Партнёр;Морозов К.;77 156,90
ЗК-002143;Москва;07.03.2026;Партнёр;Иванова А.;55 523,88
ЗК-002560;Екатеринбург;07.03.2026;Сайт;Лебедева О.;34 413,39
ЗК-002586;Екатеринбург;07.03.2026;Партнёр;Лебедева О.;29 418,97
ЗК-002242;Москва;07.03.2026;Партнёр;Смирнова Е.;53 740,61
ЗК-002346;Санкт-Петербург;07.03.2026;Партнёр;Попова М.;28 605,13
ЗК-002334;Санкт-Петербург;07.03.2026;Сайт;Попова М.;19 299,25
ЗК-002084;Москва;07.03.2026;Офис;Смирнова Е.;60 935,24
ЗК-002351;Санкт-Петербург;07.03.2026;Партнёр;Попова М.;49 107,49
ЗК-002596;Екатеринбург;07.03.2026;Офис;Лебедева О.;60 408,72
ЗК-002024;Москва;08.03.2026;Сайт;Смирнова Е.;117 483,67
ЗК-002148;Москва;08.03.2026;Сайт;Смирнова Е.;65 226,65
ЗК-002449;Казань;08.03.2026;Офис;Галиев Р.;81 189,02
ЗК-002504;Казань;08.03.2026;Партнёр;Галиев Р.;23 086,87
ЗК-002521;Казань;08.03.2026;Партнёр;Галиев Р.;73 331,10
ЗК-002610;Екатеринбург;08.03.2026;Партнёр;Лебедева О.;33 057,74
ЗК-002284;Санкт-Петербург;08.03.2026;Офис;Кузнецов Д.;56 829,39
ЗК-002503;Казань;08.03.2026;Партнёр;Галиев Р.;33 369,71
ЗК-002459;Казань;08.03.2026;Партнёр;Галиев Р.;39 555,79
ЗК-002363;Санкт-Петербург;08.03.2026;Сайт;Кузнецов Д.;43 454,51
ЗК-002510;Казань;08.03.2026;Сайт;Галиев Р.;29 310,23
ЗК-002009;Москва;08.03.2026;Сайт;Иванова А.;59 739,22
ЗК-002469;Казань;08.03.2026;Партнёр;Галиев Р.;48 439,98
ЗК-002052;Москва;08.03.2026;Офис;Смирнова Е.;37 178,50
ЗК-002017;Москва;08.03.2026;Сайт;Петров С.;48 010,80
ЗК-002214;Москва;08.03.2026;Сайт;Смирнова Е.;78 039,29
ЗК-002306;Санкт-Петербург;08.03.2026;Офис;Кузнецов Д.;38 242,52
ЗК-002500;Казань;08.03.2026;Сайт;Галиев Р.;27 946,40
ЗК-002377;Санкт-Петербург;08.03.2026;Партнёр;Попова М.;27 684,48
ЗК-002700;Новосибирск;08.03.2026;Сайт;Морозов К.;31 593,10
ЗК-002710;Новосибирск;08.03.2026;Партнёр;Морозов К.;18 166,40
ЗК-002195;Москва;08.03.2026;Сайт;Смирнова Е.;31 327,84
ЗК-002118;Москва;08.03.2026;Офис;Смирнова Е.;16 929,27
ЗК-002676;Новосибирск;08.03.2026;Партнёр;Морозов К.;31 553,24
ЗК-002658;Новосибирск;08.03.2026;Партнёр;Морозов К.;13 289,37
ЗК-002540;Екатеринбург;09.03.2026;Сайт;Лебедева О.;106 716,73
ЗК-002599;Екатеринбург;09.03.2026;Офис;Лебедева О.;36 098,26
ЗК-002174;Москва;09.03.2026;Партнёр;Петров С.;29 372,43
ЗК-002633;Екатеринбург;09.03.2026;Партнёр;Лебедева О.;52 755,16
ЗК-002439;Санкт-Петербург;09.03.2026;Сайт;Попова М.;34 923,78
ЗК-002343;Санкт-Петербург;09.03.2026;Партнёр;Попова М.;22 553,52
ЗК-002626;Екатеринбург;09.03.2026;Партнёр;Лебедева О.;56 206,51
ЗК-002722;Новосибирск;09.03.2026;Сайт;Морозов К.;23 544,37
ЗК-002165;Москва;09.03.2026;Партнёр;Смирнова Е.;75 348,10
ЗК-002302;Санкт-Петербург;09.03.2026;Партнёр;Кузнецов Д.;31 650,57
ЗК-002189;Москва;09.03.2026;Партнёр;Иванова А.;15 993,21
ЗК-002559;Екатеринбург;09.03.2026;Офис;Соколов И.;83 484,82
ЗК-002635;Екатеринбург;09.03.2026;Партнёр;Соколов И.;36 527,12
ЗК-002506;Казань;09.03.2026;Сайт;Галиев Р.;59 237,42
ЗК-002123;Москва;09.03.2026;Офис;Петров С.;61 401,73
ЗК-002704;Новосибирск;09.03.2026;Офис;Морозов К.;11 637,13
ЗК-002065;Москва;09.03.2026;Партнёр;Смирнова Е.;24 950,85
ЗК-002567;Екатеринбург;09.03.2026;Партнёр;Соколов И.;172 983,21
ЗК-002155;Москва;09.03.2026;Офис;Петров С.;24 802,23
ЗК-002549;Екатеринбург;09.03.2026;Офис;Лебедева О.;32 266,15
ЗК-002592;Екатеринбург;09.03.2026;Офис;Лебедева О.;23 766,33
ЗК-002175;Москва;09.03.2026;Партнёр;Иванова А.;40 263,44
ЗК-002240;Москва;09.03.2026;Сайт;Смирнова Е.;18 670,55
ЗК-002491;Казань;09.03.2026;Офис;Галиев Р.;61 785,46
ЗК-002259;Москва;09.03.2026;Офис;Смирнова Е.;64 199,15
ЗК-002286;Санкт-Петербург;09.03.2026;Сайт;Попова М.;45 350,48
ЗК-002210;Москва;09.03.2026;Партнёр;Петров С.;27 959,40
ЗК-002215;Москва;09.03.2026;Офис;Смирнова Е.;104 629,20
ЗК-002167;Москва;09.03.2026;Партнёр;Петров С.;78 508,67
ЗК-002445;Казань;09.03.2026;Офис;Галиев Р.;(24 645,04)
ЗК-002603;Екатеринбург;09.03.2026;Сайт;Соколов И.;(18 581,04)
ЗК-002399;Санкт-Петербург;09.03.2026;Партнёр;Попова М.;29 599,88
ЗК-002389;Санкт-Петербург;09.03.2026;Партнёр;Кузнецов Д.;29 650,08
ЗК-002666;Новосибирск;09.03.2026;Сайт;Морозов К.;34 822,90
ЗК-002458;Казань;09.03.2026;Сайт;Галиев Р.;76 250,10
ЗК-002554;Екатеринбург;10.03.2026;Сайт;Соколов И.;40 556,54
ЗК-002108;Москва;10.03.2026;Сайт;Петров С.;28 712,73
ЗК-002340;Санкт-Петербург;10.03.2026;Офис;Кузнецов Д.;72 603,04
ЗК-002277;Санкт-Петербург;10.03.2026;Офис;Попова М.;31 200,07
ЗК-002124;Москва;10.03.2026;Сайт;Петров С.;80 375,27
ЗК-002228;Москва;10.03.2026;Партнёр;Иванова А.;21 424,09
ЗК-002071;Москва;10.03.2026;Офис;Иванова А.;36 463,19
ЗК-002390;Санкт-Петербург;10.03.2026;Партнёр;Кузнецов Д.;19 262,84
ЗК-002499;Казань;10.03.2026;Партнёр;Галиев Р.;42 550,93
ЗК-002060;Москва;10.03.2026;Партнёр;Петров С.;66 672,51
ЗК-002591;Екатеринбург;10.03.2026;Сайт;Лебедева О.;42 960,11
ЗК-002551;Екатеринбург;10.03.2026;Офис;Лебедева О.;46 436,44
ЗК-002092;Москва;10.03.2026;Партнёр;Иванова А.;26 888,05
ЗК-002453;Казань;10.03.2026;Партнёр;Галиев Р.;55 604,81
ЗК-002688;Новосибирск;10.03.2026;Сайт;Морозов К.;(13 198,26)
ЗК-002333;Санкт-Петербург;10.03.2026;Офис;Кузнецов Д.;38 080,53
ЗК-002185;Москва;10.03.2026;Партнёр;Иванова А.;38 823,34
ЗК-002526;Казань;10.03.2026;Сайт;Галиев Р.;52 580,90
ЗК-002106;Москва;10.03.2026;Сайт;Петров С.;(21 604,78)
ЗК-002382;Санкт-Петербург;10.03.2026;Офис;Попова М.;15 851,77
ЗК-002349;Санкт-Петербург;10.03.2026;Офис;Кузнецов Д.;30 991,13
ЗК-002172;Москва;10.03.2026;Партнёр;Петров С.;48 536,96
ЗК-002082;Москва;10.03.2026;Сайт;Иванова А.;62 443,43
ЗК-002140;Москва;10.03.2026;Партнёр;Смирнова Е.;34 445,40
ЗК-002677;Новосибирск;10.03.2026;Партнёр;Морозов К.;47 544,85
ЗК-002621;Екатеринбург;10.03.2026;Сайт;Лебедева О.;31 937,95
ЗК-002620;Екатеринбург;10.03.2026;Партнёр;Лебедева О.;54 549,40
ЗК-002686;Новосибирск;11.03.2026;Сайт;Морозов К.;15 979,50
ЗК-002608;Екатеринбург;11.03.2026;Сайт;Соколов И.;16 519,60
ЗК-002493;Казань;11.03.2026;Партнёр;Галиев Р.;65 662,69
ЗК-002237;Москва;11.03.2026;Офис;Петров С.;43 031,58
ЗК-002020;Москва;11.03.2026;Офис;Петров С.;44 098,49
ЗК-002013;Москва;11.03.2026;Офис;Иванова А.;11 921,43
ЗК-002352;Санкт-Петербург;11.03.2026;Сайт;Кузнецов Д.;41 055,89
ЗК-002368;Санкт-Петербург;11.03.2026;Офис;Попова М.;43 044,07
ЗК-002350;Санкт-Петербург;11.03.2026;Сайт;Кузнецов Д.;50 257,02
ЗК-002612;Екатеринбург;11.03.2026;Сайт;Лебедева О.;70 823,59
ЗК-002219;Москва;11.03.2026;Офис;Петров С.;42 796,40
ЗК-002115;Москва;11.03.2026;Партнёр;Иванова А.;44 145,17
ЗК-002030;Москва;11.03.2026;Офис;Иванова А.;16 045,02
ЗК-002470;Казань;11.03.2026;Партнёр;Галиев Р.;14 421,22
ЗК-002420;Санкт-Петербург;11.03.2026;Партнёр;Кузнецов Д.;28 644,07
ЗК-002457;Казань;11.03.2026;Партнёр;Галиев Р.;28 432,82
ЗК-002531;Казань;11.03.2026;Сайт;Галиев Р.;26 631,97
ЗК-002456;Казань;11.03.2026;Партнёр;Галиев Р.;36 356,72
ЗК-002668;Новосибирск;11.03.2026;Офис;Морозов К.;44 470,68
ЗК-002657;Новосибирск;11.03.2026;Партнёр;Морозов К.;53 804,00
ЗК-002022;Москва;11.03.2026;Офис;Петров С.;14 624,77
ЗК-002090;Москва;12.03.2026;Партнёр;Петров С.;23 545,20
ЗК-002716;Новосибирск;12.03.2026;Партнёр;Морозов К.;(35 370,39)
ЗК-002629;Екатеринбург;12.03.2026;Партнёр;Лебедева О.;75 529,26
ЗК-002152;Москва;12.03.2026;Партнёр;Смирнова Е.;41 736,18
ЗК-002248;Москва;12.03.2026;Сайт;Иванова А.;82 659,80
ЗК-002703;Новосибирск;12.03.2026;Офис;Морозов К.;30 602,32
ЗК-002524;Казань;12.03.2026;Офис;Галиев Р.;22 890,19
ЗК-002233;Москва;12.03.2026;Офис;Смирнова Е.;36 970,96
ЗК-002487;Казань;12.03.2026;Партнёр;Галиев Р.;79 622,54
ЗК-002487;Казань;12.03.2026;Партнёр;Галиев Р.;79 622,54
ЗК-002617;Екатеринбург;12.03.2026;Офис;Лебедева О.;58 650,74
ЗК-002359;Санкт-Петербург;12.03.2026;Офис;Кузнецов Д.;24 343,90
ЗК-002625;Екатеринбург;12.03.2026;Партнёр;Соколов И.;62 553,07
ЗК-002371;Санкт-Петербург;12.03.2026;Партнёр;Попова М.;32 202,56
ЗК-002068;Москва;12.03.2026;Сайт;Петров С.;22 725,72
ЗК-002325;Санкт-Петербург;12.03.2026;Сайт;Попова М.;84 854,54
ЗК-002684;Новосибирск;12.03.2026;Партнёр;Морозов К.;24 785,49
ЗК-002354;Санкт-Петербург;12.03.2026;Офис;Попова М.;55 192,70
ЗК-002202;Москва;12.03.2026;Офис;Иванова А.;39 654,72
ЗК-002587;Екатеринбург;13.03.2026;Сайт;Лебедева О.;35 140,33
ЗК-002537;Казань;13.03.2026;Партнёр;Галиев Р.;35 415,76
ЗК-002028;Москва;13.03.2026;Сайт;Смирнова Е.;29 873,57
ЗК-002685;Новосибирск;13.03.2026;Офис;Морозов К.;130 346,62
ЗК-002147;Москва;13.03.2026;Сайт;Петров С.;49 249,30
ЗК-002260;Москва;13.03.2026;Партнёр;Смирнова Е.;45 326,64
ЗК-002078;Москва;13.03.2026;Партнёр;Иванова А.;23 291,47
ЗК-002007;Москва;13.03.2026;Офис;Петров С.;58 527,40
ЗК-002137;Москва;13.03.2026;Партнёр;Смирнова Е.;12 798,29
ЗК-002324;Санкт-Петербург;13.03.2026;Сайт;Попова М.;16 949,57
ЗК-002258;Москва;13.03.2026;Офис;Смирнова Е.;41 274,12
ЗК-002216;Москва;13.03.2026;Партнёр;Иванова А.;19 773,86
ЗК-002200;Москва;13.03.2026;Офис;Иванова А.;43 703,89
ЗК-002044;Москва;13.03.2026;Офис;Петров С.;46 057,63
ЗК-002355;Санкт-Петербург;14.03.2026;Сайт;Попова М.;35 530,04
ЗК-002003;Москва;14.03.2026;Сайт;Иванова А.;24 154,65
ЗК-002383;Санкт-Петербург;14.03.2026;Партнёр;Кузнецов Д.;38 071,53
ЗК-002507;Казань;14.03.2026;Сайт;Галиев Р.;160 250,67
ЗК-002407;Санкт-Петербург;14.03.2026;Сайт;Кузнецов Д.;(49 240,02)
ЗК-002255;Москва;14.03.2026;Сайт;Смирнова Е.;31 286,07
ЗК-002015;Москва;14.03.2026;Сайт;Смирнова Е.;71 402,05
ЗК-002433;Санкт-Петербург;14.03.2026;Сайт;Кузнецов Д.;32 273,17
ЗК-002630;Екатеринбург;14.03.2026;Партнёр;Лебедева О.;27 951,83
ЗК-002298;Санкт-Петербург;14.03.2026;Сайт;Кузнецов Д.;22 003,83
ЗК-002609;Екатеринбург;14.03.2026;Сайт;Лебедева О.;47 704,51
ЗК-002450;Казань;14.03.2026;Партнёр;Галиев Р.;12 895,28
ЗК-002694;Новосибирск;14.03.2026;Офис;Морозов К.;21 828,20
ЗК-002356;Санкт-Петербург;14.03.2026;Партнёр;Попова М.;33 216,80
ЗК-002134;Москва;14.03.2026;Партнёр;Иванова А.;39 468,76
ЗК-002489;Казань;14.03.2026;Офис;Галиев Р.;68 965,31
ЗК-002505;Казань;14.03.2026;Офис;Галиев Р.;56 820,90
ЗК-002672;Новосибирск;14.03.2026;Офис;Морозов К.;50 131,33
ЗК-002029;Москва;14.03.2026;Офис;Смирнова Е.;15 311,85
ЗК-002310;Санкт-Петербург;14.03.2026;Партнёр;Кузнецов Д.;45 972,12
ЗК-002023;Москва;14.03.2026;Сайт;Смирнова Е.;26 972,92
ЗК-002641;Екатеринбург;14.03.2026;Офис;Соколов И.;(4 174,73)
ЗК-002053;Москва;14.03.2026;Сайт;Иванова А.;14 181,35
ЗК-002705;Новосибирск;14.03.2026;Партнёр;Морозов К.;40 494,75
ЗК-002332;Санкт-Петербург;14.03.2026;Партнёр;Кузнецов Д.;34 458,59
ЗК-002417;Санкт-Петербург;14.03.2026;Сайт;Попова М.;69 107,71
ЗК-002442;Казань;14.03.2026;Сайт;Галиев Р.;27 023,03
ЗК-002442;Казань;14.03.2026;Сайт;Галиев Р.;27 023,03
ЗК-002409;Санкт-Петербург;14.03.2026;Сайт;Кузнецов Д.;22 442,08
ЗК-002462;Казань;14.03.2026;Партнёр;Галиев Р.;35 682,56
ЗК-002384;Санкт-Петербург;14.03.2026;Офис;Попова М.;47 422,17
ЗК-002292;Санкт-Петербург;14.03.2026;Партнёр;Кузнецов Д.;14 971,30
ЗК-002246;Москва;14.03.2026;Партнёр;Петров С.;89 515,38
ЗК-002300;Санкт-Петербург;15.03.2026;Сайт;Кузнецов Д.;44 303,79
ЗК-002309;Санкт-Петербург;15.03.2026;Офис;Попова М.;37 526,91
ЗК-002046;Москва;15.03.2026;Партнёр;Петров С.;36 602,65
ЗК-002113;Москва;15.03.2026;Сайт;Смирнова Е.;44 287,15
ЗК-002086;Москва;15.03.2026;Партнёр;Петров С.;32 768,67
ЗК-002205;Москва;15.03.2026;Партнёр;Смирнова Е.;50 016,71
ЗК-002197;Москва;15.03.2026;Сайт;Смирнова Е.;60 520,75
ЗК-002532;Казань;15.03.2026;Офис;Галиев Р.;71 089,41
ЗК-002597;Екатеринбург;15.03.2026;Офис;Соколов И.;50 250,25
ЗК-002695;Новосибирск;15.03.2026;Партнёр;Морозов К.;42 178,80
ЗК-002413;Санкт-Петербург;15.03.2026;Сайт;Кузнецов Д.;46 076,97
ЗК-002006;Москва;15.03.2026;Партнёр;Иванова А.;13 939,05
ЗК-002680;Новосибирск;15.03.2026;Сайт;Морозов К.;28 008,78
ЗК-002715;Новосибирск;15.03.2026;Партнёр;Морозов К.;45 646,76
ЗК-002569;Екатеринбург;15.03.2026;Сайт;Соколов И.;57 801,54
ЗК-002735;Новосибирск;15.03.2026;Офис;Морозов К.;14 401,96
ЗК-002418;Санкт-Петербург;16.03.2026;Партнёр;Кузнецов Д.;60 919,12
ЗК-002076;Москва;16.03.2026;Офис;Смирнова Е.;50 235,35
ЗК-002031;Москва;16.03.2026;Сайт;Петров С.;104 695,55
ЗК-002707;Новосибирск;16.03.2026;Сайт;Морозов К.;25 223,78
ЗК-002730;Новосибирск;16.03.2026;Офис;Морозов К.;28 794,44
ЗК-002687;Новосибирск;16.03.2026;Офис;Морозов К.;36 940,01
ЗК-002602;Екатеринбург;16.03.2026;Сайт;Лебедева О.;21 776,43
ЗК-002317;Санкт-Петербург;16.03.2026;Офис;Кузнецов Д.;48 303,66
ЗК-002096;Москва;16.03.2026;Офис;Иванова А.;45 904,63
ЗК-002313;Санкт-Петербург;16.03.2026;Сайт;Попова М.;28 829,41
ЗК-002130;Москва;16.03.2026;Офис;Смирнова Е.;84 296,14
ЗК-002484;Казань;16.03.2026;Офис;Галиев Р.;46 133,50
ЗК-002035;Москва;16.03.2026;Офис;Иванова А.;20 452,74
ЗК-002014;Москва;16.03.2026;Партнёр;Петров С.;48 336,89
ЗК-002101;Москва;16.03.2026;Партнёр;Смирнова Е.;22 506,88
ЗК-002547;Екатеринбург;16.03.2026;Офис;Соколов И.;66 092,89
ЗК-002048;Москва;16.03.2026;Сайт;Петров С.;25 885,52
ЗК-002600;Екатеринбург;16.03.2026;Партнёр;Лебедева О.;82 456,24
ЗК-002093;Москва;16.03.2026;Офис;Смирнова Е.;55 105,81
ЗК-002674;Новосибирск;16.03.2026;Офис;Морозов К.;39 286,49
ЗК-002171;Москва;17.03.2026;Партнёр;Смирнова Е.;80 564,75
ЗК-002387;Санкт-Петербург;17.03.2026;Сайт;Попова М.;40 349,38
ЗК-002323;Санкт-Петербург;17.03.2026;Партнёр;Попова М.;66 797,55
ЗК-002183;Москва;17.03.2026;Партнёр;Иванова А.;(7 954,82)
ЗК-002454;Казань;17.03.2026;Сайт;Галиев Р.;51 305,25
ЗК-002613;Екатеринбург;17.03.2026;Партнёр;Соколов И.;23 655,89
ЗК-002235;Москва;17.03.2026;Офис;Иванова А.;9 294,41
ЗК-002220;Москва;17.03.2026;Сайт;Петров С.;40 157,93
ЗК-002398;Санкт-Петербург;17.03.2026;Сайт;Попова М.;117 024,55
ЗК-002047;Москва;17.03.2026;Офис;Петров С.;18 799,21
ЗК-002577;Екатеринбург;17.03.2026;Партнёр;Соколов И.;18 320,28
ЗК-002025;Москва;17.03.2026;Партнёр;Иванова А.;20 990,37
ЗК-002361;Санкт-Петербург;17.03.2026;Партнёр;Кузнецов Д.;73 279,83
ЗК-002618;Екатеринбург;17.03.2026;Партнёр;Соколов И.;(17 486,86)
ЗК-002428;Санкт-Петербург;17.03.2026;Партнёр;Кузнецов Д.;90 892,91
ЗК-002201;Москва;17.03.2026;Сайт;Иванова А.;18 619,18
ЗК-002272;Санкт-Петербург;17.03.2026;Офис;Попова М.;82 942,06
ЗК-002708;Новосибирск;17.03.2026;Сайт;Морозов К.;23 167,32
ЗК-002644;Екатеринбург;17.03.2026;Сайт;Лебедева О.;(4 553,50)
ЗК-002168;Москва;17.03.2026;Офис;Иванова А.;46 489,80
ЗК-002128;Москва;17.03.2026;Партнёр;Смирнова Е.;44 383,07
ЗК-002186;Москва;17.03.2026;Офис;Смирнова Е.;24 764,74
ЗК-002607;Екатеринбург;17.03.2026;Сайт;Соколов И.;87 881,82
ЗК-002679;Новосибирск;17.03.2026;Сайт;Морозов К.;30 080,14
ЗК-002693;Новосибирск;17.03.2026;Сайт;Морозов К.;31 012,48
ЗК-002243;Москва;17.03.2026;Офис;Иванова А.;46 320,10
ЗК-002460;Казань;17.03.2026;Сайт;Галиев Р.;12 434,02
ЗК-002460;Казань;17.03.2026;Сайт;Галиев Р.;12 434,02
ЗК-002109;Москва;18.03.2026;Партнёр;Петров С.;23 997,75
ЗК-002461;Казань;18.03.2026;Сайт;Галиев Р.;55 094,27
ЗК-002566;Екатеринбург;18.03.2026;Партнёр;Соколов И.;63 981,52
ЗК-002627;Екатеринбург;18.03.2026;Сайт;Соколов И.;11 275,69
ЗК-002097;Москва;18.03.2026;Сайт;Петров С.;32 592,45
ЗК-002444;Казань;18.03.2026;Офис;Галиев Р.;18 872,56
ЗК-002141;Москва;18.03.2026;Партнёр;Смирнова Е.;(15 789,95)
ЗК-002480;Казань;18.03.2026;Сайт;Галиев Р.;49 068,14
ЗК-002232;Москва;18.03.2026;Сайт;Петров С.;12 099,35
ЗК-002196;Москва;18.03.2026;Офис;Петров С.;26 127,60
ЗК-002550;Екатеринбург;18.03.2026;Сайт;Лебедева О.;(10 167,79)
ЗК-002162;Москва;18.03.2026;Сайт;Иванова А.;19 197,77
ЗК-002404;Санкт-Петербург;18.03.2026;Сайт;Попова М.;54 640,68
ЗК-002320;Санкт-Петербург;18.03.2026;Офис;Кузнецов Д.;31 978,48
ЗК-002002;Москва;18.03.2026;Партнёр;Иванова А.;30 902,09
ЗК-002535;Казань;18.03.2026;Партнёр;Галиев Р.;116 368,77
ЗК-002316;Санкт-Петербург;18.03.2026;Офис;Попова М.;37 098,85
ЗК-002605;Екатеринбург;18.03.2026;Сайт;Соколов И.;16 941,82
ЗК-002271;Санкт-Петербург;18.03.2026;Офис;Попова М.;100 866,06
ЗК-002234;Москва;18.03.2026;Партнёр;Петров С.;62 740,73
ЗК-002388;Санкт-Петербург;18.03.2026;Офис;Попова М.;48 236,02
ЗК-002529;Казань;18.03.2026;Партнёр;Галиев Р.;35 843,94
ЗК-002648;Екатеринбург;19.03.2026;Офис;Соколов И.;94 004,49
ЗК-002692;Новосибирск;19.03.2026;Партнёр;Морозов К.;30 852,37
ЗК-002156;Москва;19.03.2026;Сайт;Смирнова Е.;37 658,44
ЗК-002104;Москва;19.03.2026;Партнёр;Петров С.;22 324,15
ЗК-002127;Москва;19.03.2026;Офис;Иванова А.;19 667,32
ЗК-002268;Санкт-Петербург;19.03.2026;Партнёр;Кузнецов Д.;73 756,53
ЗК-002712;Новосибирск;19.03.2026;Партнёр;Морозов К.;65 280,51
ЗК-002073;Москва;19.03.2026;Сайт;Смирнова Е.;56 379,94
ЗК-002723;Новосибирск;19.03.2026;Офис;Морозов К.;52 360,52
ЗК-002370;Санкт-Петербург;19.03.2026;Партнёр;Кузнецов Д.;49 138,57
ЗК-002541;Екатеринбург;19.03.2026;Офис;Лебедева О.;39 475,93
ЗК-002544;Екатеринбург;19.03.2026;Офис;Соколов И.;31 031,35
ЗК-002421;Санкт-Петербург;19.03.2026;Партнёр;Попова М.;30 073,82
ЗК-002575;Екатеринбург;19.03.2026;Сайт;Соколов И.;13 035,32
ЗК-002682;Новосибирск;19.03.2026;Партнёр;Морозов К.;25 018,63
ЗК-002545;Екатеринбург;19.03.2026;Сайт;Соколов И.;10 955,12
ЗК-002083;Москва;19.03.2026;Сайт;Петров С.;36 941,95
ЗК-002119;Москва;19.03.2026;Офис;Иванова А.;31 146,96
ЗК-002494;Казань;19.03.2026;Партнёр;Галиев Р.;100 720,40
ЗК-002169;Москва;19.03.2026;Сайт;Иванова А.;15 723,15
ЗК-002099;Москва;19.03.2026;Сайт;Иванова А.;31 892,04
ЗК-002473;Казань;19.03.2026;Партнёр;Галиев Р.;7 155,71
ЗК-002410;Санкт-Петербург;19.03.2026;Офис;Попова М.;49 331,07
ЗК-002647;Екатеринбург;19.03.2026;Сайт;Соколов И.;25 780,64
ЗК-002337;Санкт-Петербург;19.03.2026;Офис;Попова М.;56 195,90
ЗК-002519;Казань;19.03.2026;Сайт;Галиев Р.;58 835,98
ЗК-002431;Санкт-Петербург;19.03.2026;Офис;Попова М.;63 609,29
ЗК-002192;Москва;19.03.2026;Сайт;Смирнова Е.;92 104,18
ЗК-002033;Москва;19.03.2026;Офис;Петров С.;78 610,70
ЗК-002328;Санкт-Петербург;20.03.2026;Сайт;Попова М.;32 027,18
ЗК-002328;Санкт-Петербург;20.03.2026;Сайт;Попова М.;32 027,18
ЗК-002719;Новосибирск;20.03.2026;Сайт;Морозов К.;48 840,42
ЗК-002732;Новосибирск;20.03.2026;Сайт;Морозов К.;21 742,38
ЗК-002091;Москва;20.03.2026;Офис;Петров С.;78 139,25
ЗК-002329;Санкт-Петербург;20.03.2026;Офис;Кузнецов Д.;47 024,78
ЗК-002321;Санкт-Петербург;20.03.2026;Партнёр;Кузнецов Д.;58 143,42
ЗК-002562;Екатеринбург;20.03.2026;Партнёр;Соколов И.;49 981,06
ЗК-002280;Санкт-Петербург;20.03.2026;Офис;Кузнецов Д.;16 762,17
ЗК-002400;Санкт-Петербург;20.03.2026;Партнёр;Кузнецов Д.;32 510,39
ЗК-002660;Новосибирск;20.03.2026;Партнёр;Морозов К.;31 430,04
ЗК-002392;Санкт-Петербург;20.03.2026;Офис;Кузнецов Д.;28 491,95
ЗК-002042;Москва;20.03.2026;Офис;Петров С.;27 251,29
ЗК-002043;Москва;20.03.2026;Офис;Петров С.;50 678,56
ЗК-002227;Москва;20.03.2026;Партнёр;Иванова А.;18 888,77
ЗК-002728;Новосибирск;20.03.2026;Сайт;Морозов К.;15 716,01
ЗК-002041;Москва;20.03.2026;Офис;Петров С.;33 016,32
ЗК-002039;Москва;20.03.2026;Партнёр;Иванова А.;33 767,63
ЗК-002055;Москва;20.03.2026;Офис;Смирнова Е.;23 348,78
ЗК-002717;Новосибирск;20.03.2026;Сайт;Морозов К.;49 186,52
ЗК-002177;Москва;20.03.2026;Партнёр;Петров С.;39 743,47
ЗК-002424;Санкт-Петербург;20.03.2026;Сайт;Попова М.;27 456,21
ЗК-002163;Москва;20.03.2026;Партнёр;Иванова А.;7 750,36
ЗК-002080;Москва;20.03.2026;Офис;Смирнова Е.;23 020,57
ЗК-002238;Москва;20.03.2026;Офис;Петров С.;21 391,76
ЗК-002481;Казань;21.03.2026;Сайт;Галиев Р.;35 850,76
ЗК-002691;Новосибирск;21.03.2026;Сайт;Морозов К.;27 764,73
ЗК-002689;Новосибирск;21.03.2026;Партнёр;Морозов К.;36 640,96
ЗК-002713;Новосибирск;21.03.2026;Партнёр;Морозов К.;19 380,76
ЗК-002301;Санкт-Петербург;21.03.2026;Офис;Попова М.;27 659,74
ЗК-002642;Екатеринбург;21.03.2026;Офис;Соколов И.;51 926,28
ЗК-002139;Москва;21.03.2026;Партнёр;Петров С.;17 568,51
ЗК-002263;Москва;21.03.2026;Сайт;Иванова А.;55 982,36
ЗК-002362;Санкт-Петербург;21.03.2026;Сайт;Попова М.;43 640,63
ЗК-002582;Екатеринбург;21.03.2026;Партнёр;Лебедева О.;72 919,56
ЗК-002419;Санкт-Петербург;21.03.2026;Сайт;Кузнецов Д.;18 914,98
ЗК-002429;Санкт-Петербург;21.03.2026;Офис;Кузнецов Д.;25 929,36
ЗК-002536;Казань;21.03.2026;Сайт;Галиев Р.;81 750,36
ЗК-002572;Екатеринбург;21.03.2026;Сайт;Лебедева О.;34 538,22
ЗК-002213;Москва;21.03.2026;Сайт;Петров С.;32 556,59
ЗК-002182;Москва;21.03.2026;Офис;Смирнова Е.;(3 785,39)
ЗК-002539;Казань;21.03.2026;Партнёр;Галиев Р.;201 014,51
ЗК-002265;Санкт-Петербург;21.03.2026;Партнёр;Попова М.;59 795,89
ЗК-002380;Санкт-Петербург;22.03.2026;Партнёр;Кузнецов Д.;77 388,28
ЗК-002690;Новосибирск;22.03.2026;Офис;Морозов К.;51 511,36
ЗК-002161;Москва;22.03.2026;Офис;Петров С.;77 357,97
ЗК-002379;Санкт-Петербург;22.03.2026;Партнёр;Попова М.;99 563,51
ЗК-002005;Москва;22.03.2026;Сайт;Смирнова Е.;41 253,10
ЗК-002067;Москва;22.03.2026;Офис;Иванова А.;13 613,13
ЗК-002036;Москва;22.03.2026;Офис;Петров С.;34 795,01
ЗК-002589;Екатеринбург;22.03.2026;Партнёр;Соколов И.;71 121,68
ЗК-002291;Санкт-Петербург;22.03.2026;Партнёр;Попова М.;42 879,29
ЗК-002727;Новосибирск;22.03.2026;Сайт;Морозов К.;51 426,69
ЗК-002483;Казань;22.03.2026;Партнёр;Галиев Р.;31 400,72
ЗК-002373;Санкт-Петербург;22.03.2026;Офис;Попова М.;29 210,34
ЗК-002571;Екатеринбург;22.03.2026;Сайт;Соколов И.;21 331,59
ЗК-002241;Москва;22.03.2026;Сайт;Иванова А.;22 521,53
ЗК-002160;Москва;22.03.2026;Сайт;Иванова А.;81 669,04
ЗК-002709;Новосибирск;22.03.2026;Партнёр;Морозов К.;49 150,80
ЗК-002050;Москва;22.03.2026;Сайт;Петров С.;41 426,48
ЗК-002485;Казань;22.03.2026;Сайт;Галиев Р.;47 293,25
ЗК-002206;Москва;22.03.2026;Партнёр;Иванова А.;70 024,81
ЗК-002184;Москва;22.03.2026;Офис;Иванова А.;44 480,33
ЗК-002034;Москва;22.03.2026;Партнёр;Смирнова Е.;36 199,55
ЗК-002144;Москва;22.03.2026;Сайт;Смирнова Е.;27 799,53
ЗК-002274;Санкт-Петербург;23.03.2026;Сайт;Попова М.;25 832,23
ЗК-002344;Санкт-Петербург;23.03.2026;Партнёр;Попова М.;27 266,25
ЗК-002110;Москва;23.03.2026;Сайт;Смирнова Е.;37 698,16
ЗК-002018;Москва;23.03.2026;Офис;Иванова А.;24 127,67
ЗК-002482;Казань;23.03.2026;Партнёр;Галиев Р.;31 823,71
ЗК-002638;Екатеринбург;23.03.2026;Сайт;Соколов И.;37 969,42
ЗК-002534;Казань;23.03.2026;Сайт;Галиев Р.;37 790,93
ЗК-002411;Санкт-Петербург;23.03.2026;Сайт;Попова М.;83 336,31
ЗК-002089;Москва;23.03.2026;Партнёр;Смирнова Е.;30 210,34
ЗК-002038;Москва;23.03.2026;Сайт;Иванова А.;59 206,01
ЗК-002645;Екатеринбург;23.03.2026;Партнёр;Лебедева О.;68 601,96
ЗК-002463;Казань;23.03.2026;Партнёр;Галиев Р.;44 168,92
ЗК-002116;Москва;23.03.2026;Сайт;Петров С.;64 404,16
ЗК-002471;Казань;23.03.2026;Партнёр;Галиев Р.;61 024,04
ЗК-002061;Москва;23.03.2026;Сайт;Петров С.;27 269,47
ЗК-002721;Новосибирск;23.03.2026;Сайт;Морозов К.;11 539,80
ЗК-002287;Санкт-Петербург;23.03.2026;Офис;Попова М.;39 274,59
ЗК-002154;Москва;23.03.2026;Сайт;Иванова А.;28 498,75
ЗК-002395;Санкт-Петербург;23.03.2026;Сайт;Кузнецов Д.;55 435,61
ЗК-002434;Санкт-Петербург;23.03.2026;Партнёр;Попова М.;47 961,83
ЗК-002434;Санкт-Петербург;23.03.2026;Партнёр;Попова М.;47 961,83
ЗК-002226;Москва;23.03.2026;Партнёр;Смирнова Е.;29 311,27
ЗК-002276;Санкт-Петербург;23.03.2026;Офис;Попова М.;38 943,45
ЗК-002725;Новосибирск;23.03.2026;Партнёр;Морозов К.;50 612,20
ЗК-002037;Москва;24.03.2026;Сайт;Иванова А.;62 500,28
ЗК-002188;Москва;24.03.2026;Офис;Петров С.;41 837,35
ЗК-002146;Москва;24.03.2026;Партнёр;Смирнова Е.;68 125,20
ЗК-002447;Казань;24.03.2026;Партнёр;Галиев Р.;67 683,52
ЗК-002011;Москва;24.03.2026;Сайт;Иванова А.;28 035,09
ЗК-002511;Казань;24.03.2026;Офис;Галиев Р.;42 202,95
ЗК-002375;Санкт-Петербург;24.03.2026;Офис;Попова М.;49 608,27
ЗК-002640;Екатеринбург;24.03.2026;Сайт;Лебедева О.;43 641,92
ЗК-002711;Новосибирск;24.03.2026;Сайт;Морозов К.;34 855,33
ЗК-002307;Санкт-Петербург;24.03.2026;Партнёр;Попова М.;(18 474,87)
ЗК-002254;Москва;24.03.2026;Партнёр;Иванова А.;67 491,57
ЗК-002611;Екатеринбург;24.03.2026;Сайт;Соколов И.;35 513,34
ЗК-002217;Москва;24.03.2026;Партнёр;Смирнова Е.;19 107,45
ЗК-002142;Москва;24.03.2026;Офис;Иванова А.;23 942,82
ЗК-002247;Москва;24.03.2026;Офис;Иванова А.;24 067,52
ЗК-002247;Москва;24.03.2026;Офис;Иванова А.;24 067,52
ЗК-002522;Казань;24.03.2026;Партнёр;Галиев Р.;26 391,84
ЗК-002394;Санкт-Петербург;24.03.2026;Сайт;Кузнецов Д.;60 322,37
ЗК-002326;Санкт-Петербург;24.03.2026;Сайт;Попова М.;123 401,41
ЗК-002100;Москва;24.03.2026;Сайт;Петров С.;48 839,72
ЗК-002474;Казань;25.03.2026;Сайт;Галиев Р.;35 303,53
ЗК-002667;Новосибирск;25.03.2026;Сайт;Морозов К.;26 300,96
ЗК-002166;Москва;25.03.2026;Сайт;Иванова А.;25 804,25
ЗК-002496;Казань;25.03.2026;Офис;Галиев Р.;72 111,83
ЗК-002294;Санкт-Петербург;25.03.2026;Сайт;Кузнецов Д.;39 959,56
ЗК-002542;Екатеринбург;25.03.2026;Партнёр;Лебедева О.;18 720,64
ЗК-002466;Казань;25.03.2026;Партнёр;Галиев Р.;20 565,83
ЗК-002225;Москва;25.03.2026;Офис;Петров С.;26 103,38
ЗК-002094;Москва;25.03.2026;Офис;Петров С.;33 133,09
ЗК-002376;Санкт-Петербург;25.03.2026;Партнёр;Попова М.;22 800,73
ЗК-002649;Екатеринбург;25.03.2026;Партнёр;Соколов И.;40 975,86
ЗК-002211;Москва;25.03.2026;Сайт;Иванова А.;44 123,28
ЗК-002594;Екатеринбург;25.03.2026;Сайт;Соколов И.;52 263,57
ЗК-002724;Новосибирск;25.03.2026;Офис;Морозов К.;23 414,76
ЗК-002209;Москва;25.03.2026;Офис;Смирнова Е.;15 567,42
ЗК-002111;Москва;25.03.2026;Офис;Смирнова Е.;27 577,18
ЗК-002288;Санкт-Петербург;26.03.2026;Сайт;Попова М.;62 453,63
ЗК-002366;Санкт-Петербург;26.03.2026;Офис;Попова М.;39 800,61
ЗК-002010;Москва;26.03.2026;Партнёр;Смирнова Е.;22 612,36
ЗК-002486;Казань;26.03.2026;Партнёр;Галиев Р.;35 812,58
ЗК-002194;Москва;26.03.2026;Партнёр;Иванова А.;30 642,11
ЗК-002558;Екатеринбург;26.03.2026;Офис;Лебедева О.;39 681,40
ЗК-002436;Санкт-Петербург;26.03.2026;Офис;Попова М.;107 945,53
ЗК-002133;Москва;26.03.2026;Сайт;Иванова А.;87 905,98
ЗК-002441;Казань;26.03.2026;Партнёр;Галиев Р.;45 513,65
ЗК-002654;Новосибирск;26.03.2026;Офис;Морозов К.;34 888,31
ЗК-002385;Санкт-Петербург;26.03.2026;Сайт;Попова М.;107 634,81
ЗК-002702;Новосибирск;26.03.2026;Сайт;Морозов К.;76 709,23
ЗК-002223;Москва;26.03.2026;Сайт;Иванова А.;24 006,24
ЗК-002054;Москва;26.03.2026;Офис;Смирнова Е.;34 580,29
ЗК-002671;Новосибирск;26.03.2026;Партнёр;Морозов К.;27 212,67
ЗК-002256;Москва;26.03.2026;Партнёр;Петров С.;26 714,24
ЗК-002561;Екатеринбург;26.03.2026;Сайт;Соколов И.;(4 278,64)
ЗК-002422;Санкт-Петербург;26.03.2026;Партнёр;Кузнецов Д.;50 437,19
ЗК-002427;Санкт-Петербург;26.03.2026;Сайт;Кузнецов Д.;43 177,36
ЗК-002675;Новосибирск;26.03.2026;Сайт;Морозов К.;25 025,24
ЗК-002498;Казань;26.03.2026;Партнёр;Галиев Р.;55 907,25
ЗК-002095;Москва;26.03.2026;Партнёр;Иванова А.;54 795,01
ЗК-002639;Екатеринбург;26.03.2026;Офис;Соколов И.;45 299,91
ЗК-002381;Санкт-Петербург;26.03.2026;Офис;Попова М.;33 079,86
ЗК-002634;Екатеринбург;26.03.2026;Партнёр;Соколов И.;33 260,44
ЗК-002369;Санкт-Петербург;26.03.2026;Партнёр;Кузнецов Д.;36 472,74
ЗК-002267;Санкт-Петербург;26.03.2026;Сайт;Попова М.;122 504,83
ЗК-002720;Новосибирск;27.03.2026;Партнёр;Морозов К.;48 859,49
ЗК-002426;Санкт-Петербург;27.03.2026;Сайт;Попова М.;30 389,03
ЗК-002126;Москва;27.03.2026;Сайт;Петров С.;29 435,16
ЗК-002231;Москва;27.03.2026;Сайт;Смирнова Е.;26 803,56
ЗК-002543;Екатеринбург;27.03.2026;Офис;Соколов И.;26 941,07
ЗК-002319;Санкт-Петербург;27.03.2026;Партнёр;Кузнецов Д.;40 610,37
ЗК-002102;Москва;27.03.2026;Партнёр;Смирнова Е.;18 870,23
ЗК-002107;Москва;27.03.2026;Офис;Петров С.;63 920,50
ЗК-002659;Новосибирск;27.03.2026;Сайт;Морозов К.;(66 493,11)
ЗК-002556;Екатеринбург;27.03.2026;Сайт;Соколов И.;54 821,33
ЗК-002187;Москва;27.03.2026;Офис;Смирнова Е.;44 580,83
ЗК-002244;Москва;27.03.2026;Партнёр;Петров С.;29 483,09
ЗК-002391;Санкт-Петербург;27.03.2026;Партнёр;Попова М.;32 829,11
ЗК-002557;Екатеринбург;27.03.2026;Сайт;Соколов И.;92 677,75
ЗК-002315;Санкт-Петербург;27.03.2026;Офис;Кузнецов Д.;70 623,82
ЗК-002345;Санкт-Петербург;27.03.2026;Офис;Кузнецов Д.;47 101,73
ЗК-002515;Казань;27.03.2026;Сайт;Галиев Р.;33 727,96
ЗК-002285;Санкт-Петербург;27.03.2026;Офис;Попова М.;20 388,32
ЗК-002308;Санкт-Петербург;27.03.2026;Партнёр;Кузнецов Д.;54 468,14
ЗК-002295;Санкт-Петербург;27.03.2026;Партнёр;Попова М.;23 913,20
ЗК-002443;Казань;27.03.2026;Партнёр;Галиев Р.;47 883,03
ЗК-002578;Екатеринбург;27.03.2026;Офис;Соколов И.;40 004,80
ЗК-002207;Москва;27.03.2026;Офис;Петров С.;21 505,09
ЗК-002490;Казань;27.03.2026;Офис;Галиев Р.;19 369,07
ЗК-002663;Новосибирск;27.03.2026;Офис;Морозов К.;28 305,13
ЗК-002264;Москва;27.03.2026;Офис;Иванова А.;96 016,56
ЗК-002179;Москва;27.03.2026;Офис;Петров С.;7 627,71
ЗК-002593;Екатеринбург;27.03.2026;Офис;Соколов И.;38 588,55
ЗК-002312;Санкт-Петербург;28.03.2026;Сайт;Кузнецов Д.;33 567,91
ЗК-002579;Екатеринбург;28.03.2026;Партнёр;Лебедева О.;29 533,43
ЗК-002492;Казань;28.03.2026;Партнёр;Галиев Р.;27 562,85
ЗК-002251;Москва;28.03.2026;Партнёр;Иванова А.;22 912,96
ЗК-002546;Екатеринбург;28.03.2026;Сайт;Соколов И.;21 327,36
ЗК-002553;Екатеринбург;28.03.2026;Партнёр;Лебедева О.;18 976,23
ЗК-002530;Казань;28.03.2026;Партнёр;Галиев Р.;24 377,85
ЗК-002070;Москва;28.03.2026;Офис;Смирнова Е.;25 024,27
ЗК-002224;Москва;28.03.2026;Сайт;Смирнова Е.;71 194,71
ЗК-002125;Москва;28.03.2026;Партнёр;Смирнова Е.;135 408,54
ЗК-002131;Москва;28.03.2026;Офис;Смирнова Е.;68 049,81
ЗК-002081;Москва;28.03.2026;Сайт;Иванова А.;34 571,96
ЗК-002476;Казань;28.03.2026;Офис;Галиев Р.;39 133,92
ЗК-002199;Москва;28.03.2026;Офис;Петров С.;46 362,84
ЗК-002598;Екатеринбург;28.03.2026;Партнёр;Лебедева О.;24 590,79
ЗК-002342;Санкт-Петербург;28.03.2026;Партнёр;Кузнецов Д.;35 951,35
ЗК-002414;Санкт-Петербург;28.03.2026;Сайт;Кузнецов Д.;26 666,95
ЗК-002479;Казань;28.03.2026;Партнёр;Галиев Р.;51 981,40
ЗК-002726;Новосибирск;28.03.2026;Партнёр;Морозов К.;11 678,51
ЗК-002581;Екатеринбург;28.03.2026;Партнёр;Соколов И.;23 142,20
ЗК-002520;Казань;28.03.2026;Партнёр;Галиев Р.;57 980,06
ЗК-002066;Москва;28.03.2026;Партнёр;Иванова А.;40 012,67
ЗК-002365;Санкт-Петербург;28.03.2026;Партнёр;Попова М.;25 942,38
ЗК-002508;Казань;28.03.2026;Партнёр;Галиев Р.;33 488,75
ЗК-002446;Казань;28.03.2026;Партнёр;Галиев Р.;68 927,40
ЗК-002584;Екатеринбург;29.03.2026;Партнёр;Соколов И.;51 739,46
ЗК-002408;Санкт-Петербург;29.03.2026;Сайт;Попова М.;58 927,57
ЗК-002098;Москва;29.03.2026;Партнёр;Смирнова Е.;77 498,34
ЗК-002266;Санкт-Петербург;29.03.2026;Партнёр;Кузнецов Д.;38 197,38
ЗК-002178;Москва;29.03.2026;Партнёр;Смирнова Е.;27 950,08
ЗК-002664;Новосибирск;29.03.2026;Офис;Морозов К.;18 877,31
ЗК-002372;Санкт-Петербург;29.03.2026;Партнёр;Попова М.;20 486,38
ЗК-002386;Санкт-Петербург;29.03.2026;Партнёр;Попова М.;(46 106,09)
ЗК-002239;Москва;29.03.2026;Сайт;Иванова А.;22 585,04
ЗК-002405;Санкт-Петербург;29.03.2026;Сайт;Попова М.;50 386,29
ЗК-002262;Москва;29.03.2026;Офис;Смирнова Е.;21 868,21
ЗК-002403;Санкт-Петербург;29.03.2026;Офис;Кузнецов Д.;66 181,70
ЗК-002289;Санкт-Петербург;29.03.2026;Офис;Попова М.;95 998,48
ЗК-002696;Новосибирск;29.03.2026;Партнёр;Морозов К.;50 564,99
ЗК-002590;Екатеринбург;29.03.2026;Сайт;Лебедева О.;25 471,34
ЗК-002574;Екатеринбург;29.03.2026;Офис;Лебедева О.;24 569,37
ЗК-002314;Санкт-Петербург;29.03.2026;Партнёр;Кузнецов Д.;27 486,44
ЗК-002158;Москва;29.03.2026;Партнёр;Смирнова Е.;46 907,88
ЗК-002478;Казань;30.03.2026;Партнёр;Галиев Р.;38 924,67
ЗК-002477;Казань;30.03.2026;Офис;Галиев Р.;49 706,25
ЗК-002731;Новосибирск;30.03.2026;Партнёр;Морозов К.;120 943,12
ЗК-002430;Санкт-Петербург;30.03.2026;Партнёр;Попова М.;30 773,31
ЗК-002512;Казань;30.03.2026;Сайт;Галиев Р.;29 298,97
ЗК-002004;Москва;30.03.2026;Партнёр;Смирнова Е.;65 890,91
ЗК-002652;Новосибирск;30.03.2026;Партнёр;Морозов К.;41 957,65
ЗК-002032;Москва;30.03.2026;Офис;Смирнова Е.;17 808,05
ЗК-002278;Санкт-Петербург;30.03.2026;Офис;Кузнецов Д.;127 138,45
ЗК-002212;Москва;30.03.2026;Сайт;Иванова А.;28 287,77
ЗК-002193;Москва;30.03.2026;Партнёр;Иванова А.;19 007,51
ЗК-002729;Новосибирск;30.03.2026;Офис;Морозов К.;(57 324,89)
ЗК-002059;Москва;30.03.2026;Сайт;Смирнова Е.;63 215,41
ЗК-002145;Москва;30.03.2026;Сайт;Иванова А.;16 345,97
ЗК-002049;Москва;30.03.2026;Сайт;Петров С.;52 182,65
ЗК-002339;Санкт-Петербург;30.03.2026;Офис;Кузнецов Д.;35 249,77
ЗК-002673;Новосибирск;30.03.2026;Партнёр;Морозов К.;28 340,21
ЗК-002614;Екатеринбург;30.03.2026;Партнёр;Лебедева О.;91 836,03
ЗК-002646;Екатеринбург;30.03.2026;Сайт;Лебедева О.;31 157,37
ЗК-002040;Москва;30.03.2026;Сайт;Смирнова Е.;33 912,12
ЗК-002548;Екатеринбург;30.03.2026;Партнёр;Соколов И.;40 522,03
ЗК-002282;Санкт-Петербург;30.03.2026;Офис;Кузнецов Д.;19 048,86
ЗК-002282;Санкт-Петербург;30.03.2026;Офис;Кузнецов Д.;19 048,86
ЗК-002347;Санкт-Петербург;30.03.2026;Сайт;Кузнецов Д.;(7 548,45)
ЗК-002665;Новосибирск;30.03.2026;Партнёр;Морозов К.;21 641,70
ЗК-002525;Казань;30.03.2026;Офис;Галиев Р.;30 471,78
ЗК-002304;Санкт-Петербург;30.03.2026;Сайт;Попова М.;17 479,82
ЗК-002650;Новосибирск;30.03.2026;Сайт;Морозов К.;68 810,18
ЗК-002683;Новосибирск;30.03.2026;Партнёр;Морозов К.;24 170,80
ЗК-002069;Москва;30.03.2026;Партнёр;Смирнова Е.;46 231,25
ЗК-002117;Москва;30.03.2026;Офис;Смирнова Е.;30 659,93
ЗК-002358;Санкт-Петербург;30.03.2026;Сайт;Попова М.;83 087,08
ЗК-002374;Санкт-Петербург;30.03.2026;Офис;Попова М.;32 530,69
ЗК-002230;Москва;31.03.2026;Сайт;Смирнова Е.;32 307,79
ЗК-002273;Санкт-Петербург;31.03.2026;Офис;Попова М.;135 499,74
ЗК-002563;Екатеринбург;31.03.2026;Сайт;Лебедева О.;32 450,34
ЗК-002173;Москва;31.03.2026;Сайт;Петров С.;43 325,99
ЗК-002437;Санкт-Петербург;31.03.2026;Офис;Кузнецов Д.;20 469,95
ЗК-002437;Санкт-Петербург;31.03.2026;Офис;Кузнецов Д.;20 469,95
ЗК-002338;Санкт-Петербург;31.03.2026;Офис;Попова М.;(14 458,92)
ЗК-002415;Санкт-Петербург;31.03.2026;Сайт;Попова М.;71 278,51
ЗК-002452;Казань;31.03.2026;Партнёр;Галиев Р.;38 652,02
ЗК-002655;Новосибирск;31.03.2026;Офис;Морозов К.;20 010,27
ЗК-002279;Санкт-Петербург;31.03.2026;Партнёр;Попова М.;59 782,15
ЗК-002733;Новосибирск;31.03.2026;Партнёр;Морозов К.;49 940,89
ЗК-002153;Москва;31.03.2026;Сайт;Петров С.;77 647,14
ЗК-002632;Екатеринбург;31.03.2026;Партнёр;Лебедева О.;92 835,20
ЗК-002257;Москва;31.03.2026;Офис;Иванова А.;69 680,51
ЗК-002513;Казань;31.03.2026;Партнёр;Галиев Р.;53 639,87
ЗК-002631;Екатеринбург;31.03.2026;Партнёр;Соколов И.;40 686,03
ЗК-002181;Москва;31.03.2026;Сайт;Смирнова Е.;73 742,26
ЗК-002222;Москва;31.03.2026;Партнёр;Петров С.;37 778,31
ЗК-002027;Москва;31.03.2026;Партнёр;Смирнова Е.;28 513,32
